Name,Description,Pricing,Link,LINK
ChatGPT,AI chatbot that generates human-like text responses for various use cases.,Freemium,https://chat.openai.com/,https://chat.openai.com/
10Web.io,"A website builder platform powered by AI that offers automated website creation, performance optimization, and easy integrations for WordPress users.",Freemium,https://10web.io/,https://10web.io/
Code Rabbit,Fine-tuned code reviews using auto-learnings from user feedback and configurable instructions.,Freemium,https://www.coderabbit.ai/,https://www.coderabbit.ai/
DeepFake Detector,Instantly detect if a video or voice has been tampered with a DeepFake style technique,Paid,https://deepfakedetector.ai/,https://deepfakedetector.ai/
3commas,Profitable trading bots for cryptocurrencies. Profit as you sleep with carefully designed automated bots that provide the efficiency new users require with the performance elite traders want.,Freemium,https://app.3commas.io/auth,https://app.3commas.io/auth
Mailchimp,AI tool that helps you enrich emails by gathering detailed information about the sender or recipient.,Freemium,https://mailchimp.com/,https://mailchimp.com/
Artbreeder,Create and modify artwork using AI through collaborative breeding of images.,Freemium,https://www.artbreeder.com/,https://www.artbreeder.com/
Bubble,AI-driven no-code platform for building fully functional web and mobile applications.,Freemium,https://www.bubble.io/,https://www.bubble.io/
ElevenLabs.io,Offers you wide variety of VoiceOvers across different language.,Freemium,https://elevenlabs.io/,https://elevenlabs.io/
Predis AI,"Quickly make video ads, posts & product ads ",Freemium,https://predis.ai/,https://predis.ai/
Cohesive,"create, modify, and publish without difficulty.",Freemium,https://cohesive.so/,https://cohesive.so/
ActiveCampaign,"AI-powered email marketing tool that integrates CRM functionalities, automates email sequences, and tracks engagement.",Paid,https://www.activecampaign.com/,https://www.activecampaign.com/
AdCreator,Creates dynamic ads from written content with advanced features for automated video creation.,Paid,https://www.adcreator.co/,https://www.adcreator.co/
Adobe Firefly,"Image manipulation tool using generative AI tailored for graphic designers and digital artists. It’s great for modifying the tone, color, content type, composition, and lighting of images.",Freemium,https://www.adobe.com/products/firefly.html,https://www.adobe.com/products/firefly.html
AI Lawyer,"AI-powered legal assistant offering affordable legal consultation, document automation, and advanced legal research, designed to save time for consumers, lawyers, and law students.",Freemium,https://ailawyer.pro/,https://ailawyer.pro/
Airtable,"A cloud-based platform that combines a database with a spreadsheet interface, leveraging AI for workflow automation, collaboration, and easy management of data-driven projects.",Freemium,https://airtable.com/,https://airtable.com/
Zendesk,AI-powered customer support software that automates ticket management and provides insights.,Paid,https://www.zendesk.com/,https://www.zendesk.com/
Botkeeper,AI-powered bookkeeping platform that automates financial data entry and reporting.,Paid,https://www.botkeeper.com/,https://www.botkeeper.com/
Builder,AI-based platform that allows users to build custom websites and apps with pre-built templates.,Freemium,https://www.builder.ai/,https://www.builder.ai/
Canva,"A user-friendly graphic design platform that leverages AI to help create stunning visuals, including social media posts, presentations, and marketing materials, even for beginners.",Freemium,https://www.canva.com/,https://www.canva.com/
Character.ai,A platform that lets users create and interact with AI-generated characters for text-based conversations and role-playing.,Freemium,https://character.ai/,https://character.ai/
ChatSonic,"A conversational AI assistant dedicated to the business world: real-time web searches, ultra-fast analysis of your PDFs and Pro image",Free,https://writesonic.com/chat?fpr=aixploria,https://writesonic.com/chat?fpr=aixploria
ClickUp,"AI productivity tool to manage tasks, projects, and workflows with collaboration features and automations.",Freemium,https://www.clickup.com/,https://www.clickup.com/
Clipchamp,AI-powered video editor that lets you create videos from text and images with AI-enhanced features.,Freemium,https://www.clipchamp.com/,https://www.clipchamp.com/
ContentBot,"AI tool that helps create content for blogs, email campaigns, and ad copy with ease.",Freemium,https://www.contentbot.ai/,https://www.contentbot.ai/
Copy AI,AI-powered writing tool for content creation and copywriting.,Freemium,https://www.copy.ai/,https://www.copy.ai/
Coursera,"Access over 800 specialized courses in artificial intelligence, from beginner to expert level.",Freemium,https://www.coursera.org/,https://www.coursera.org/
Craiyon,"Formerly known as DALL·E mini, it generates images from text for free, with more abstract results.",Free,https://www.craiyon.com/,https://www.craiyon.com/
Headliner,Converts podcast episodes into engaging videos for social media sharing with automatic captioning.,Freemium,https://www.headliner.app/,https://www.headliner.app/
HeyGen,This AI allows you to create Avatar of yourself or anyone. You can give it a script and it will read it aloud.,Freemium,https://www.heygen.com/,https://www.heygen.com/
Hotpot,"A creative AI platform offering tools for image generation, text-to-image, and art creation for content creators and marketers.",Freemium,hotpot.ai,hotpot.ai
HubSpot,"AI-powered CRM and marketing platform for inbound marketing, sales, and customer service.",Paid,https://www.hubspot.com/,https://www.hubspot.com/
Inflact,"AI-powered Instagram growth tool for automating tasks like following, unfollowing, commenting, and more.",Paid,https://www.inflact.com/,https://www.inflact.com/
Intacct,AI-enhanced financial management software for advanced reporting and analytics.,Paid,https://www.sageintacct.com/,https://www.sageintacct.com/
Intercom,"AI-powered messaging platform for live chat, support automation, and customer engagement.",Paid,https://www.intercom.com/,https://www.intercom.com/
Interior AI,Redesign your interior from image or sketch in few seconds.,Freemium,https://interiorai.com/,https://interiorai.com/
InVideo,"An AI-driven video creation tool that helps users make professional videos quickly, offering customizable templates, automatic scene generation, and text-to-video features.",Freemium,https://invideo.io/,https://invideo.io/
Jasper AI,"An AI-powered writing assistant designed to help create content quickly, including blog posts, social media content, and more, with the ability to generate text in various styles.",Freemium,https://www.jasper.ai/,https://www.jasper.ai/
Kafkai,Kafkai is a machine-learning algorithm that can write articles from scratch. Cutting-edge technology for marketers and SEOs.,Freemium,https://kafkai.com/,https://kafkai.com/
KickResume,AI Powered resume builder so you have better chance.,Freemium,https://www.kickresume.com/en/,https://www.kickresume.com/en/
Krea AI ,This AI help you improve and enhance your image.,Freemium,https://www.krea.ai/,https://www.krea.ai/
Livegen.AI,This AI lets you create faceless videos and edit them.,Freemium,https://www.livgen.ai/,https://www.livgen.ai/
LivePerson,AI-powered messaging platform for real-time customer engagement and support automation.,Paid,https://www.liveperson.com/,https://www.liveperson.com/
Meta AI,"Chat with the smartest open-source AI assistant. Powered by Llama 3, this tool helps you on a daily basis",Free,https://www.meta.ai/,https://www.meta.ai/
Microsoft Copilot,A versatile assistant to help you every day. Get customized solutions and useful information at any time,Free,https://copilot.microsoft.com/chats/FiJ1aVnViDgPXW73vnySe,https://copilot.microsoft.com/chats/FiJ1aVnViDgPXW73vnySe
MidJourney,A creative AI image generation tool focused on artistic and abstract designs from text inputs.,Paid,https://www.midjourney.com/,https://www.midjourney.com/
Misgif," Replace the face of a character in a GIF with your own, thanks to an AI technique called Faceswap. Also includes editing tools",Freemium,https://misgif.app/,https://misgif.app/
Namify AI,AI Tool that helps you generate name for your business.,Free,https://namify.tech/,https://namify.tech/
Notebook LM,This tool allows you to talk to documents or turn them into Podcast,Freemium,https://notebooklm.google/,https://notebooklm.google/
Notion AI,"AI assistant inside Notion for summarizing, drafting, and brainstorming ideas.",Freemium,https://www.notion.so/,https://www.notion.so/
Novae.Travel,"AI holiday planner with flights, hotels and attractions/tours bookings, budgets, driving and public transport directions",Free,https://chat.novae.travel/,https://chat.novae.travel/
Novel AI,"AI-powered writing tool that assists with creative writing by generating text, stories, and enhancing narratives.",Freemium,novelai.net,novelai.net
Oasis AI Game,"A fully AI-generated video game running at 20 FPS. Explore an auto-generated world, jump, manage your inventory",Free,https://oasis.decart.ai/welcome,https://oasis.decart.ai/welcome
Open Magic,This AI powered tool helps you create visual effects from literally anything.,Freemium,https://omagic.ai/try/iceland,https://omagic.ai/try/iceland
OpusClip,"OpusClip is a great tool for breaking down longer videos into short, shareable clips for social media. Its best at finding best part of the video",Freemium,https://www.opus.pro/,https://www.opus.pro/
PageGenie,PageGenie converts your prompt into a complete landing page.Spend less time looking and get quick answers from all of your material.,Paid,https://pagegenie.ai/,https://pagegenie.ai/
Paraphraser.io,Paraphraser.io is a free AI-driven tool designed to enhance text clarity and uniqueness. ,Freemium,https://www.paraphraser.io/,https://www.paraphraser.io/
PathAI,AI platform that helps pathologists make more accurate diagnoses with medical images.,Paid,https://www.pathai.com/,https://www.pathai.com/
Perplexity AI,"AI powered search engine that provides accurate, summarized answers to complex questions.",Freemium,https://www.perplexity.ai/,https://www.perplexity.ai/
Pictory,AI-driven platform that transforms blog posts and scripts into videos with automated voiceovers.,Freemium,https://www.pictory.ai/,https://www.pictory.ai/
Pinokio ,This AI Tool allows you to install many free AI Tools with one click.,Freemium,https://www.pinokio.ai/,https://www.pinokio.ai/
Playermaker,"Give your child the best tools to own their soccer journey. Measure progress, learn from insights, and improve their skills over time!",Freemium,https://www.playermaker.com/,https://www.playermaker.com/
Playground AI,"A platform for AI image generation, allowing users to create unique artworks from text prompts using advanced machine learning models.",Freemium,playgroundai.com,playgroundai.com
Podcastle,"AI tool for podcasters that offers high-quality audio enhancement, editing, and one-click publishing.",Freemium,https://www.podcastle.ai/,https://www.podcastle.ai/
PoliteMail,"AI email tool for tracking email engagement, analytics, and creating customized email campaigns for businesses.",Paid,https://www.politemail.com/,https://www.politemail.com/
Privee AI, Chat via private message with absolutely fantastic AI characters. Possibility to do group sessions and create incredible stories ,Freemium,https://www.priveeai.com/,https://www.priveeai.com/
QuickBooks AI,"Accounting software with AI features for automating tax, invoicing, and reports.",Paid,https://quickbooks.intuit.com/,https://quickbooks.intuit.com/
QuillBot,Paraphrasing tool that helps rephrase and improve writing.,Freemium,https://www.quillbot.com/,https://www.quillbot.com/
Replit Agent,An AI assistant for developers that creates applications from text descriptions,Paid,https://replit.com/,https://replit.com/
Reply.io,"AI-driven email outreach tool for automating follow-ups, sequences, and email scheduling for sales teams.",Paid,https://www.reply.io/,https://www.reply.io/
Repurpose,"Repurpose your content from YouTube, TikTok, Instagram, Facebook, Zoom, Google Drive, Dropbox, and Audio Podcasts into unlimited pieces optimized for each channel. Publish or schedule to you chosen channels.",Freemium,https://repurpose.io/,https://repurpose.io/
Riverside.fm,"High-quality remote recording platform with AI-enhanced features for easy editing, transcriptions, and more.",Paid,https://www.riverside.fm/,https://www.riverside.fm/
Runway ML,AI tool for creative professionals offering video editing and machine learning models.,Freemium,https://runwayml.com/,https://runwayml.com/
Sakura AI,Create your own unique scenario with your favorite characters.,Freemium,https://www.sakura.fm/,https://www.sakura.fm/
Salesforce,"Salesforce provides many functionalities like natural language processing, predictive analysis for sales, and CRM to help organizations automate processes and make faster decisions. You can bring conversational AI to any workflow, user, and department with Einstein.",Paid,https://www.salesforce.com/in/,https://www.salesforce.com/in/
Salesloft,AI chatbot and messaging platform that automates customer support and sales inquiries.,Paid,https://www.drift.com/,https://www.drift.com/
Screenshot To Code,Convert any screenshot or design to clean code (with support for most frameworks),Freemium,https://screenshottocode.com/,https://screenshottocode.com/
Scribe AI,Converts recorded steps into written instructions for better documentation.,Freemium,https://scribehow.com/,https://scribehow.com/
Seamless.ai,"Sales leads software that utilizes AI-powered search to find and verify contact information, helping sales teams generate accurate and high-quality leads to grow their business.",Paid,https://seamless.ai/,https://seamless.ai/
Shutterstock AI Image Generator,Instantly create stunning image from just your text and brain. Its absolutely free. Only one in the industry.,Free,https://www.shutterstock.com/ai-image-generator/,https://www.shutterstock.com/ai-image-generator/
Signal Stack,"Transform your orders into notifications instantly. No coding is necessary. Any alert from any trading platform may be quickly, easily, and simply converted into an executed order",Freemium,https://signalstack.com/,https://signalstack.com/
Tailwind,"AI-driven Instagram marketing tool for scheduling posts, tracking analytics, and creating engaging stories.",Paid,https://www.tailwindapp.com/,https://www.tailwindapp.com/
TaxGPT,"AI tax assistant for tax professionals and businesses. Research taxes, get answers, draft memos, analyze data, and boost accountants' productivity 10x.",Paid,https://www.taxgpt.com/,https://www.taxgpt.com/
ThemAIGuys,E-commerce SaaS AI solution designed to supercharge productivity and elevate profits for print-on-demand and ecommerce,Paid,www.themaiguys.com/,www.themaiguys.com/
Todoist,AI-powered task management and to-do list tool with smart scheduling and project organization features.,Freemium,https://www.todoist.com/,https://www.todoist.com/
Trade Ideas,"The Must Have Stock Scanner for All Active Traders. A whole new visual perspective on scanning the market is provided by the Stock Racing technology. Greetings from the future of stock scanning, which Trade Ideas is the only business to provide.",Freemium,https://www.trade-ideas.com/,https://www.trade-ideas.com/
Travelport,"AI-powered platform for travel agents, offering flight, hotel, and car rental bookings with predictive pricing models.",Paid,https://www.travelport.com/,https://www.travelport.com/
Trello,"AI-based tool to organize tasks, assignments, and deadlines.",Freemium,https://www.trello.com/,https://www.trello.com/
Triller,"AI-powered video creation tool focused on music videos, perfect for TikTok content creators.",Freemium,https://www.triller.co/,https://www.triller.co/
Tripplanner AI,"Build, personalize, and optimize your itineraries with our free AI trip planner. Designed for vacations, workations, and everyday adventures.",Free,https://tripplanner.ai/,https://tripplanner.ai/
TubeBuddy,"AI-powered YouTube management and optimization tool that helps with SEO, keyword research, and video analytics.",Freemium,https://www.tubebuddy.com/,https://www.tubebuddy.com/
Tweet Hunter (for X),"Get daily personalized tweet suggestions, re-write tweets you like, get tweet & thread ideas.",Freemium,https://tweethunter.io/,https://tweethunter.io/
Uizard," AI-powered app design tool that helps you create professional-looking mockups, prototypes, and high-fidelity designs for both mobile and web apps without writing any code.",Freemium,https://uizard.io/,https://uizard.io/
Undetectable AI,"Make your AI-generated texts undetectable by humanizing them. Ideal for students, SEO copywriters, journalists, etc.",Freemium,https://undetectable.ai/,https://undetectable.ai/
Validator AI,"Enter your startup idea, and our AI will validate it, offering insights on marketing, customer development, and competitive analysis.",Freemium,https://validatorai.com/,https://validatorai.com/
Vectra AI,AI-driven network detection and response platform that identifies cyber threats.,Paid,https://www.vectra.ai/,https://www.vectra.ai/
Voice AI,"Realtime voice modifier for gaming or video chatting like Minecraft, Whatsapp etc.",Freemium,https://voice.ai/,https://voice.ai/
Webflow,"A web design platform that allows users to build responsive websites with AI-powered tools for design, content management, and automation without needing to write code.",Freemium,https://webflow.com/,https://webflow.com/
What Beats Rock,Play against an AI in this game inspired by Rock-Paper-Scissors. Anticipate your opponent's move to score points,Free,https://www.whatbeatsrock.com/,https://www.whatbeatsrock.com/
WriteSonic,"AI writing assistant for creating high-quality email copies, subject lines, and personalized responses.",Freemium,https://www.writesonic.com/,https://www.writesonic.com/
Xero,Cloud-based accounting software with AI-powered features for small businesses.,Paid,https://www.xero.com/,https://www.xero.com/
XOR,"AI recruitment chatbot that handles applicant questions, screening, and interview scheduling.",Freemium,https://www.xor.ai/,https://www.xor.ai/
Zapier Agent,"AI workspace where you can teach AI agents to work across thousands of apps. But the interface is a chatbot, which means that creating your own AI agent is as simple as using ChatGPT.",Freemium,https://zapier.com/agents,https://zapier.com/agents
Zoho Desk,"AI-powered helpdesk with ticket management, automation, and multi-channel support.",Freemium,http://zoho.com/desk,http://zoho.com/desk
Zoho Mail,"AI-powered email service that helps with email management, collaboration, and team communication in businesses.",Freemium,https://www.zoho.com/,https://www.zoho.com/
Elementor AI, Elementor is the best wordpress theme builder with the most possible interactions and tools available. Your all-in-one solution for wordpress websites.,Paid,https://elementor.com/,https://elementor.com/
Codacy,"The platform that integrates with GitHub, Bitbucket, and GitLab, enabling developers to find and fix issues directly from their repositories.",Freemium,https://www.codacy.com/,https://www.codacy.com/
FeedHive,"Create, schedule, publish, and easily manage your social media content at scale with FeedHive",Freemium,https://www.feedhive.com/,https://www.feedhive.com/
Flick,"Your AI Social Media Marketing assistant that helps you on every stage from building your strategy, planning posts, designing graphics, writing captions, finding hashtags, and turning your media into ready-to-share content.",Freemium,https://www.flick.social/ai-social-media-manager,https://www.flick.social/ai-social-media-manager
CapCut,"Video editing app powered by AI, offering automatic video editing, effects, and transitions for easy content creation.",Freemium,capcut.com,capcut.com
Taplio,"Enter keywords, and Taplio curates thousands of the most successful posts on any topic you choose.",Freemium,https://taplio.com/,https://taplio.com/
Curipod,Customize high-quality lessons to topics students care about with the power of AI,Freemium,https://curipod.com/,https://curipod.com/
Synthesia,AI-generated video platform for creating personalized videos at scale.,Paid,https://www.synthesia.io/,https://www.synthesia.io/
Systeme.io,"The worlds best all in one marketing platform. The platform offers features such as website building, course creation, and project management, all in one place.",Freemium,https://systeme.io/,https://systeme.io/
Publer ,"Manage, automate, and track your social media success with Publer.",Freemium,https://publer.com/,https://publer.com/
Make,Realize your business’s full potential with Make’s intuitive no-code development platform.,Freemium,https://www.make.com/en,https://www.make.com/en
Quizizz,Create and deliver bell-to-bell curriculum resources that meet the needs of every student.,Freemium,https://quizizz.com/?lng=en,https://quizizz.com/?lng=en
Namelix," Your AI Business Name Generator. Get unique, catchy names with customizable filters. Save favorites for smarter suggestions over time.",Freemium,https://namelix.com/,https://namelix.com/
DeepSeek V3,"This CHATGPT Rival can have access to Internet, so you have more than chat assistant",Free,https://www.deepseek.com/,https://www.deepseek.com/
Workato,Best for workbot automation and when you need to embed automation integrally in your product,Freemium,https://www.workato.com/,https://www.workato.com/
Integrately,Integrate over 1200 apps with built in automation ready to start in just 1 click,Freemium,https://integrately.com/,https://integrately.com/
Vyond,Generate effective videos from simple prompts in multiple styles. Edit or update as needed using Vyond’s instant editor or powerful studio.,Freemium,https://www.vyond.com/,https://www.vyond.com/
Stampli,"Uses AI to extract data from invoices and identify potential fraud. Only Stampli  is built by AP experts for AP first, creating a breakthrough  in team productivity across the entire invoice lifecycle.",Freemium,https://www.stampli.com/,https://www.stampli.com/
Aaptiv,Fitness app that uses AI to recommend workout classes based on user preferences.,Paid,https://www.aaptiv.com/,https://www.aaptiv.com/
Ada,"AI-powered chatbot designed to automate support, handle FAQs, and engage customers.",Freemium,https://www.ada.support/,https://www.ada.support/
Adalo,AI-powered no-code platform to build custom web and mobile apps without programming.,Freemium,https://www.adalo.com/,https://www.adalo.com/
Adext,AI-driven ad management platform that optimizes ads for better ROI and engagement.,Paid,https://www.adext.ai/,https://www.adext.ai/
AdsDog," AI-powered video creation tool that simplifies the process of producing high-quality, professional videos featuring digital human avatars.",Freemium,https://adsdog.ai/,https://adsdog.ai/
Agent.ai,"Find, connect and hire AI agents to perform your tasks, or create your own AI Agents.",Free,https://agent.ai/,https://agent.ai/
AI Dungeon,AI-powered interactive storytelling platform where you can create stories.,Freemium,https://play.aidungeon.io/,https://play.aidungeon.io/
AI Expression Editor,"AI powered tool help you change expression on any face, portrait etc.",Free,https://huggingface.co/spaces/fffiloni/expression-editor,https://huggingface.co/spaces/fffiloni/expression-editor
AI HairStyles,"The right hairstyle can make us feel amazing. With our hairstyle AI, you can virtually try on different styles and colors to find the perfect look for you.",Paid,https://aihairstyles.com/,https://aihairstyles.com/
AI Logo Reveals,"Easily animate your logo with an intuitive, intelligent tool. Get professional 3D animations with the help of predefined templates",Freemium,https://stockimg.ai/,https://stockimg.ai/
AI Picasso,"AI-driven tool that generates art, illustrations, and design content perfect for Instagram posts and ads.",Paid,https://aipicasso.app/en/,https://aipicasso.app/en/
AI Social Bio,An AI that creates your social network bio for free,Free,https://aisocialbio.com/,https://aisocialbio.com/
AI Studios by DeepBrain,"Uses AI to generate video presentations from text, commonly used for AI avatars and educational videos.",Paid,https://www.deepbrain.io/,https://www.deepbrain.io/
Aidoc,AI-powered radiology platform that aids doctors in detecting medical conditions from imaging.,Paid,https://www.aidoc.com/,https://www.aidoc.com/
AimReply,AImReply is an AI-powered email writer and assistant designed to enhance email productivity.,Freemium,https://aimreply.com/,https://aimreply.com/
AIVA,AIVA (Artificial Intelligence Virtual Artist) is an AI-powered music composition tool ideal for composers and filmmakers requiring original music.,Freemium,https://www.aiva.ai/,https://www.aiva.ai/
Algolia,AI-driven search and discovery platform that helps customers find products faster and more accurately.,Paid,https://www.algolia.com/,https://www.algolia.com/
Alitu,AI-powered podcast production tool that simplifies editing and mixing to create polished podcasts easily.,Paid,https://www.alitu.com/,https://www.alitu.com/
Alli AI,"With AlliAI you can work with any CMS and no coding is required. Instead, you can deploy code and change content instantly with faster, cheaper, and better SEO automation.",Paid,https://www.alliai.com/,https://www.alliai.com/
Animated Drawings,Open-Source AI that allows a drawing to come to life and animate in a very surprising way,Freemium,https://sketch.metademolab.com/,https://sketch.metademolab.com/
AnimateDiff,"AnimateDiff lets you easily create videos using Stable Diffusion. Just write a prompt, select a model, and activate AnimateDiff!",Freemium,https://www.animatediff.org/,https://www.animatediff.org/
Animoto,"AI video generator that creates videos from text and images, designed for marketing and social media.",Freemium,https://www.animoto.com/,https://www.animoto.com/
Aomni AI, An autonomous agent specialized in data extraction that increases Auto-GPT's capabilities tenfold,Free,https://www.aomni.com/,https://www.aomni.com/
Appy Pie,AI-powered no-code platform for creating mobile apps with drag-and-drop features.,Paid,https://www.appypie.com/,https://www.appypie.com/
Arc Search, Arc Search brings AI features into your search experience,Free,https://arc.net/search,https://arc.net/search
Arctic Wolf,AI-powered cybersecurity solution that prevents malware and advanced threats.,Paid,https://www.cylance.com/,https://www.cylance.com/
Articoolo,"AI-powered tool for generating unique and relevant articles, summaries, and blog posts.",Freemium,https://www.articoolo.com/,https://www.articoolo.com/
Ask Layla,Find an AI itinerary for your next trip now,Free,https://layla.ai/,https://layla.ai/
AskCodi,AskCodi is an AI-driven coding assistant designed to enhance your efficiency and workflow with its Codi Chat.,Freemium,https://www.askcodi.com/,https://www.askcodi.com/
Audext,Free AI tool that offers podcast transcription with export options and timestamps for easier editing.,Free,https://www.audext.com/,https://www.audext.com/
Looka,A powerful Logo generator from just your text.,Freemium,https://looka.com/,https://looka.com/
AuraticAI,AI-powered platform designed for seamless content creation and revenue generation in just minutes.,Freemium,https://app.auraticai.com/,https://app.auraticai.com/
AVClabs,AVCLabs offers an array of AI-driven multimedia solutions for video and audio editing. ,Freemium,https://www.avclabs.com/,https://www.avclabs.com/
Backyard AI,Create immersive AI characters and chat with them. Generate text from number of LLM models.,Free,https://backyard.ai/,https://backyard.ai/
BambooHR,All-in-one HR software with AI-powered features for employee management and tracking.,Paid,https://www.bamboohr.com/,https://www.bamboohr.com/
Bazaarvoice,"An AI-powered e-commerce platform that focuses on product reviews and ratings, helping businesses gather and display customer feedback to build trust and drive sales.",Paid,https://www.bazaarvoice.com/,https://www.bazaarvoice.com/
Beautiful.ai," simplifies the process of putting together a beautiful slide deck, with all the layouts and styles figured out.",Freemium,https://tome.app/,https://tome.app/
Bee Agent Framework,"Open-source framework for building, deploying, and serving powerful multi-agent workflows at scale.",Free,https://i-am-bee.github.io/bee-agent-framework/#/,https://i-am-bee.github.io/bee-agent-framework/#/
BeforesunsetAI,An AI daily planner that helps busy professionals and teams save time while maximizing their focus.,Freemium,https://www.beforesunset.ai/,https://www.beforesunset.ai/
Frase,AI-powered search and content creation tool for marketers and researchers.,Paid,https://www.frase.io/,https://www.frase.io/
Biteable,"AI video creation tool for making explainer, promotional, and social videos from text and media.",Freemium,https://www.biteable.com/,https://www.biteable.com/
Bitsgap,"All the top algorithmic orders, portfolio management, and free Demo mode in one location for cryptocurrency trading.",Paid,https://bitsgap.com/,https://bitsgap.com/
Blabla AI,"Manage all your comments more easily and effectively: instant responses, filtering of negative comments, improved engagement",Freemium,https://blabla.ai/,https://blabla.ai/
BlackBox,"AI code tool that helps developers write code, find optimal snippets, and build products faster",Freemium,https://www.blackbox.ai/,https://www.blackbox.ai/
Blush AI,AI-powered dating simulator that helps you learn and practice relationship skills in a safe and fun environment.,Freemium,https://blush.ai/,https://blush.ai/
Bolt,"Create, run and deploy full stack web application just from text.",Freemium,https://bolt.new/?rid=2ba41v,https://bolt.new/?rid=2ba41v
Booke AI,"Booke AI automates reconciliation and categorization with AI-driven RPA and Generative AI, saving you hours of manual work.",Paid,https://booke.ai/,https://booke.ai/
Boomerang,"AI-powered email tool for scheduling, reminders, and follow-up automation, with a built-in email assistant.",Freemium,https://www.boomerangapp.com/,https://www.boomerangapp.com/
Botika,"Generate fashion photos for Brands. Botika is perfect for fashion brands that value quality, speed, and flexibility. Bring your products to life at a fraction of the cost. ",Freemium,https://botika.io/,https://botika.io/
Branchbob,Bring your e-commerce ambitions to reality by starting to construct your fully working store right away in just few steps.,Paid,https://www.branchbob.ai/,https://www.branchbob.ai/
Bria ,"Designed for teams, enterprises, and creatives, Bria enables users to adjust facial expressions, clothing, and other design elements.",Freemium,https://bria.ai/,https://bria.ai/
Buffer,"AI-powered social media scheduling, analytics, and content management tool for small businesses.",Freemium,https://www.buffer.com/,https://www.buffer.com/
Butterfly Network,AI-driven handheld ultrasound device that provides diagnostic imaging.,Paid,https://www.butterflynetwork.com/,https://www.butterflynetwork.com/
DALL·E 2,Generates realistic images from text prompts with impressive detail and creativity.,Freemium,https://openai.com/dall-e-2,https://openai.com/dall-e-2
BuzzSumo,"AI-driven content research tool for discovering trending topics, influencer outreach, and social listening.",Paid,https://www.buzzsumo.com/,https://www.buzzsumo.com/
CAD with AI, A powerful AI-powered computer-aided design (CAD) tool. Easily create and modify 3D models from text prompts.,Free,https://www.cadwithai.com/?client_id=56dfa461-cf66-447e-adb6-12cd004cedb8,https://www.cadwithai.com/?client_id=56dfa461-cf66-447e-adb6-12cd004cedb8
Camp,"Boost your SEO effortlessly with Camp. Get unlimited, tailor-made blogs at your fingertips and watch your brand grow with our AI-driven, engaging, and affordable content.",Freemium,https://camp.lemonsqueezy.com/,https://camp.lemonsqueezy.com/
Carboncopy,"Craft ad copy, product descriptions, images, audio, and more effortlessly.",Freemium,https://carboncopy.pro/,https://carboncopy.pro/
Casetext,"Trained by industry experts, backed by authoritative content, and equipped with best-in-class security, Thomson Reuters CoCounsel frees you to focus on complex, high-value work that better serves your clients, organization, and business",Paid,https://www.thomsonreuters.com/en/cocounsel,https://www.thomsonreuters.com/en/cocounsel
Catapult,"AI-powered wearable technology that tracks player movements, biometrics, and provides injury prevention insights.",Freemium,https://www.catapult.com/,https://www.catapult.com/
CGDream,Generate Al visuals from images or 3d models with CGDream using descriptive text prompts and custom filters,Freemium,https://cgdream.ai/,https://cgdream.ai/
CharmedAI,"Generate 3D models and textures with an AI assistant. A free tool, perfect for game development, but still in beta",Freemium,https://charmed.ai/,https://charmed.ai/
Charstar,"Unlimited chat with a wide variety of AI characters. Create your own companions, customize their features and share them",Freemium,https://charstar.ai/,https://charstar.ai/
Chat with RTX by Nvidia,"Chat with a powerful AI assistant, available locally and privately. Safely analyze documents, get summaries and more ",Free,https://www.nvidia.com/en-us/ai-on-rtx/chatrtx/,https://www.nvidia.com/en-us/ai-on-rtx/chatrtx/
ChatFAI," talk to your favorite characters from TV shows, movies, books, history, singers and more. ",Freemium,https://chatfai.com/,https://chatfai.com/
Chatfuel,AI-based chatbot builder for Facebook Messenger that automates communication and lead generation.,Freemium,https://www.chatfuel.com/,https://www.chatfuel.com/
Chopcast,AI-based video editing tool that can automatically cut long-form videos into TikTok-sized clips.,Paid,https://www.chopcast.io/linkedin-personal-branding-as-a-service,https://www.chopcast.io/linkedin-personal-branding-as-a-service
Chromox,"Transform ideas into visuals with Chromox. Discover infinite visual possibilities with Chromox, the AI-powered tool.",Freemium,https://chromox.alkaidvision.com/,https://chromox.alkaidvision.com/
Civit AI,"AI tool that automates the creation of computer vision models, offering solutions for image analysis and recognition.",Freemium,civitai.com,civitai.com
Clara,"AI assistant that manages your scheduling by handling email communication to arrange meetings, ensuring efficiency with natural language interaction and automated follow-ups.",Freemium,https://claralabs.com/,https://claralabs.com/
Claude,Claude is a conversational AI known for its safety features and human-like interaction.,Freemium,https://claude.ai/,https://claude.ai/
Clay,"Clay is a powerful lead generation platform that simplifies prospecting by automating data collection, enrichment, and scoring.",Freemium,https://www.clay.com/,https://www.clay.com/
Clearbit Connect,"AI-powered marketing and email assistant for designing campaigns, sending emails, and automating responses.",Freemium,https://clearbit.com/,https://clearbit.com/
ClearBooks,"Cloud-based accounting software with AI tools for invoicing, payroll, and taxes.",Paid,https://www.clearbooks.co.uk/,https://www.clearbooks.co.uk/
Clearscope,AI content optimization tool that helps improve SEO by providing keyword insights.,Paid,https://www.clearscope.io/,https://www.clearscope.io/
Clockwise,AI-powered scheduling tool designed to optimize your calendar by automatically finding the best time for meetings and focused work.,Freemium,https://www.getclockwise.com/,https://www.getclockwise.com/
CloneDub,Grow your podcast or youtube channel audience instantly with high quality fast dubbing. Try it free today.,Free,https://www.clonedub.com/,https://www.clonedub.com/
"Coach's Eye	",AI tool for video analysis that helps coaches and athletes improve performance by breaking down their technique.,Freemium,https://www.coachseye.com/,https://www.coachseye.com/
CodeDesign,"AI-powered website builder can help you launch, host, and validate your next website.",Paid,https://codedesign.ai/,https://codedesign.ai/
Codium,"With Codium, you can write code in various programming languages, including C++, Java, Python, and JavaScript, as well as debug code and run tests. Add extensions and get new features and functionality to the core tool.",Freemium,https://www.qodo.ai/,https://www.qodo.ai/
Cognosys 2.0,"Cognosys lets you hand off tasks to AI Agents, so you can concentrate on what really matters.",Freemium,https://www.cognosys.ai/,https://www.cognosys.ai/
Coinrule,"Coinrule empowers users to create and deploy automated trading bots effortlessly. With no coding required, you can follow expert investors, seize market opportunities, and trade across major exchanges",Freemium,https://coinrule.com/,https://coinrule.com/
ContentStudio,"Say goodbye to cluttered and confusing social media tools, and hello to a simple yet powerful all-in-one solution for agencies, brands, and marketers.",Freemium,https://contentstudio.io/,https://contentstudio.io/
Convertri,"Build the best funnels you've ever built, with the easiest page builder you've ever used, and support that’s there when you need it.",Freemium,https://www.convertri.com/,https://www.convertri.com/
Copyleaks,A plagiarism detection platform to check that your content is 100% unique.,Freemium,https://copyleaks.com/,https://copyleaks.com/
CopySmith,"AI content generator that helps create long-form copy, ads, and product descriptions.",Freemium,https://copysmith.ai/,https://copysmith.ai/
Cosmos AI,"Cosmos AI is your all-in-one AI content generator. Create the content that matters the most; whether it’s blog posts, social media captions, AI images, speech to text, coding assistant, or anything else.",Freemium,https://thecosmos.ai/,https://thecosmos.ai/
Coursebox," In just one hour, generate a course structure, convert documents and videos, engage learners with quizzes, and create a polished course. ",Freemium,https://www.coursebox.ai/,https://www.coursebox.ai/
Creatus AI,"All in one AI Platform that allows you to do multiple tasks like text to video, image, speech and more things etc.",Freemium,https://creatus.ai/,https://creatus.ai/
CrowdStrike,AI-powered endpoint protection and threat detection platform for enterprise security.,Paid,https://www.crowdstrike.com/,https://www.crowdstrike.com/
CryptoHopper,"The most programmable cryptocurrency trading bot ever. Make time for important things. Automate your trading and easily manage your portfolio, follow the price movements and buy/sell automatically.",Freemium,https://www.cryptohopper.com/,https://www.cryptohopper.com/
CTRify,First AI-Powered SEO Action Platform Create websites that rank on Google by just giving one keyword to the Artificial Intelligence,Freemium,https://www.ctrify.com/,https://www.ctrify.com/
CupidBot.ai,"CupidBot swipes and chats for you on dating apps, so you can skip to the good part. We filter out the attention seekers and only notify you when you get a date.",Freemium,https://www.cupidbot.ai/,https://www.cupidbot.ai/
CureMetrix,AI-powered software for mammography analysis to detect breast cancer.,Paid,https://www.curemetrix.com/,https://www.curemetrix.com/
Customer Base,Send a Personalized Cold Email in 30 Seconds. Spending 3+ minutes scouring a LinkedIn profile for inspiration to write an email is exhausting.,Paid,https://www.customerbase.ai/,https://www.customerbase.ai/
CutOut,"AI tool focused on removing backgrounds from images, helping designers and content creators with quick image editing.",Freemium,cutout.pro,cutout.pro
CVViZ,CVViZ leverages AI to match job candidates with roles based on skills and experience.,Freemium,https://cvviz.com/,https://cvviz.com/
Darktrace,AI-driven cybersecurity platform that detects and responds to cyber threats in real-time.,Paid,https://www.darktrace.com/,https://www.darktrace.com/
Dashly.io,"conversational marketing platform that enhances sales on websites by automating personalized outreach and lead qualification, integrating seamlessly with CRM systems without the need for coding.",Paid,https://www.dashly.io,https://www.dashly.io
DataHawk,"comprehensive e-commerce analytics solution that provides insights into sales optimization and tracking, helping businesses make data-driven decisions to boost their performance.",Paid,https://datahawk.co/,https://datahawk.co/
Dating Killer AI,"Slay your dating game with Dating Killer AI. A set of AI tools to slay your dating game : respond better, improve your description & profile pictures, find fun dating ideas, spot cheaters.",Freemium,https://datingkiller.com/,https://datingkiller.com/
Deep Instinct,AI-powered threat prevention platform that identifies and stops attacks before they can execute.,Paid,https://www.deepinstinct.com/,https://www.deepinstinct.com/
DeepAI,Offers an AI model that generates images from text descriptions for various artistic and design needs.,Freemium,http://deepai.org/,http://deepai.org/
DeepCode,AI-based code review tool that analyzes your codebase and offers improvement suggestions.,Freemium,https://www.deepcode.ai/,https://www.deepcode.ai/
DeepFaceLab,Creation of relevant Deepfakes. Swap your face while keeping a realistic and high quality video,Freemium,https://github.com/iperov/DeepFaceLab,https://github.com/iperov/DeepFaceLab
DeepGram,"Convert your conversations, audio files, or YouTube videos into text easily using our advanced transcription tool",Freemium,https://deepgram.com/,https://deepgram.com/
Deepl,High quality translation tool.,Freemium,https://www.deepl.com/en/translator,https://www.deepl.com/en/translator
DeepL Translator,An advanced AI translation tool known for its accurate translations.,Freemium,https://www.deepl.com/,https://www.deepl.com/
DeepMotion,"DeepMotion is transforming character animation for everyday users in the GenAI era, making it an invaluable tool for our AI for Filmmaking",Freemium,https://www.deepmotion.com/,https://www.deepmotion.com/
Descript,"AI-powered podcast editing tool with transcription, multi-voice editing, and text-based editing features.",Freemium,https://www.descript.com/,https://www.descript.com/
Designify,Converts written content into engaging visual presentations and marketing videos with AI.,Freemium,https://www.designify.com/,https://www.designify.com/
Dext,"AI-powered tool for automated bookkeeping, expense management, and receipt scanning.",Paid,https://www.dext.com/,https://www.dext.com/
Digital Genius,"DigitalGenius integrates AI into customer service operations, significantly enhancing both the support team’s efficiency and customer satisfaction. ",Paid,https://www.digitalgenius.com/,https://www.digitalgenius.com/
DimeADozen.AI,Utilize AI to quickly discover how your company may prosper and how to enter any industry.,Freemium,https://www.dimeadozen.ai/,https://www.dimeadozen.ai/
Dippy.ai,A platform specializing in role-playing games and discussions with virtual characters.,Freemium,https://dippy.ai/,https://dippy.ai/
Divi AI,"Divi AI is a website builder equipped with a wide array of AI tools, simplifying website creation, editing, and publishing for users. It combines the roles of a web developer, designer, copywriter, and photographer in one platform. ",Freemium,https://www.elegantthemes.com/ai/,https://www.elegantthemes.com/ai/
Doly by AniML,Generate high-quality 3D videos of your products with your iPhone. Different angles and everything.,Freemium,https://www.animl.ai/,https://www.animl.ai/
DoNotPay,The most complete AI suite for transactional lawyers,Paid,https://donotpay.com/,https://donotpay.com/
Doodle,AI-powered scheduling tool that streamlines meeting coordination by integrating with calendars and offering polling features to find optimal meeting times efficiently.,Freemium,https://doodle.com/,https://doodle.com/
Dopple.ai," Join a space where you can meet and chat with hundreds of AI characters from pop culture (actors, singers, etc.).",Freemium,https://beta.dopple.ai/,https://beta.dopple.ai/
Drift AI,"Drift AI is an AI-driven chatbot designed to simulate human-like interactions. This tool is particularly useful for engaging customers on your website in real time, making it a popular choice for business owners and online marketers.",Paid,https://www.salesloft.com/platform/drift,https://www.salesloft.com/platform/drift
Dropship,"Find and monitor stores to gain insights into their revenue, sales, products, apps, and more. Use our smart filters to refine your search and find products tailored to your interests and niche.",Paid,https://www.dropship.io/,https://www.dropship.io/
Dubb,"Dubb is an audio transcription tool aiming to automate content generation for podcasts. It specializes in converting podcast episodes into various content forms like show notes, social media posts, newsletters, and transcripts.",Freemium,https://dubb.com/,https://dubb.com/
Dynamic ,AI-based personalization and optimization platform to increase conversion rates with tailored user experiences.,Paid,https://www.dynamicyield.com/,https://www.dynamicyield.com/
Elai.io,"AI video creation platform with custom avatars, supports multiple languages and text-based video generation.",Paid,https://www.elai.io/,https://www.elai.io/
Email Tree,Deploy Compliant AI Email Assistants to Streamline Responses and Ensure Data Governance,Paid,https://emailtree.ai/,https://emailtree.ai/
eMed,"Life-changing weight loss, expert support",Paid,https://www.emed.com/uk,https://www.emed.com/uk
Emu Video by Meta,Text to Video AI Model by Meta (Facebook),Freemium,https://emu-video.metademolab.com/,https://emu-video.metademolab.com/
Endlesss,Collaborative music creation platform powered by AI that allows users to jam and make music together in real time.,Freemium,https://endlesss.fm/,https://endlesss.fm/
EngageRocket,Uses AI to gather employee feedback and analyze engagement for better HR decision-making.,Freemium,https://www.engagerocket.co/,https://www.engagerocket.co/
Enhancv,Enhancv offers an AI assistant next to your CV to help you optimize it until it becomes bulletproof.,Freemium,https://enhancv.com/,https://enhancv.com/
Enhencer AI Ads,"Enhencer optimizes paid marketing campaigns across all online ad platforms, ensuring they achieve maximum efficiency and generate higher returns & sales for e-commerce companies.",Paid,https://enhencer.com/start-now,https://enhencer.com/start-now
Evernote,No design skills needed.,Freemium,https://evernote.com/,https://evernote.com/
Exabeam,AI-powered security information and event management (SIEM) platform for threat detection.,Paid,https://www.logrhythm.com/,https://www.logrhythm.com/
Expedia,"Uses AI to provide personalized travel suggestions, hotel recommendations, and flight deals.",Free,https://www.expedia.com/,https://www.expedia.com/
FaceCheck ID,An AI-powered search engine that lets you find anyone on the Internet. Find a person's name online,Freemium,https://facecheck.id/,https://facecheck.id/
FaceSwapper,Powerful online tool to seamlessly swap one face with another. The best face swapping application available.,Freemium,https://faceswapper.ai/,https://faceswapper.ai/
FashionAdvisorAI,having trouble deciding what to wear with what? i had to so here i am writing about it.,Freemium,https://www.fashionadvisorai.com/,https://www.fashionadvisorai.com/
FASHN Virtual Try-On,"Generate realistic AI models and create on-model photos from just the product image. Get try-on results in seconds using a single reference image, with no lengthy setup or multi-image training required.",Paid,https://fashn.ai/,https://fashn.ai/
Ferret,"Ferret’s unparalleled AI app, combined with world class information, provides you with exclusive relationship intelligence that can help you avoid high-risk individuals and spot promising opportunities.",Paid,https://www.ferret.ai/,https://www.ferret.ai/
Figstack,"Translates code between different programming languages, generates code explanations, and helps developers understand complex codebases faster.",Freemium,https://www.figstack.com/,https://www.figstack.com/
FinalScout,ChatGPT-Powered Email Finding & Outreach at Scale,Paid,https://finalscout.com/,https://finalscout.com/
FireBase ML,Firebase ML is a robust suite of machine learning tools designed for mobile developers. This tool facilitates the integration of advanced machine learning into mobile applications.,Freemium,https://firebase.google.com/products/ml,https://firebase.google.com/products/ml
Fitbod,AI-driven workout app that generates personalized weight training routines.,Paid,https://www.fitbod.me/,https://www.fitbod.me/
Flatlogic,Flatlogic is an AI-powered platform that enables you to create Business Apps in just 3 steps.,Paid,https://flatlogic.com/,https://flatlogic.com/
FlexClip,AI tool that converts text into videos with customizable templates and a user-friendly interface.,Freemium,https://www.flexclip.com/,https://www.flexclip.com/
Fliki AI,"Fliki AI is thе bеst tеxt-to-spееch and tеxt-to-vidеo AI tool. It hеlps transform your contеnt using AI audio and vidеo tools to crеatе captivating vidеos with minimal timе, еffort, and monеy.",Freemium,https://fliki.ai/,https://fliki.ai/
Flock Social,"The social media bot solves time-consuming social media management tasks, and ensures effortless and effective engagement on you instagram",Paid,https://flocksocial.com/,https://flocksocial.com/
Flowpoint,Optimize business workflows and enhance ROI with no-code agentic systems designed for website intelligence.,Paid,https://flowpoint.ai/,https://flowpoint.ai/
Flowrite,"AI email writing assistant that drafts emails for you, using predefined templates and smart writing suggestions.",Paid,https://www.maestrolabs.com/flowrite,https://www.maestrolabs.com/flowrite
Fotor,AI-based photo editing platform with background removal and enhancement tools.,Freemium,https://www.fotor.com/,https://www.fotor.com/
Freeletics,Freeletics harnesses the power of AI and the expertise of human scientists to generate the best workout plan for you.,Paid,https://www.freeletics.com/,https://www.freeletics.com/
Freshdesk,"AI-driven helpdesk software that automates support, ticket routing, and reporting.",Freemium,https://www.freshdesk.com/,https://www.freshdesk.com/
FusionAds.ai,Launch professional ads in seconds harnessing the power of AI to understand any business just by entering the website URL.,Freemium,https://www.fusionos.ai/,https://www.fusionos.ai/
Gamma,"Gamma transforms text into visually appealing, professional presentations using AI-powered design tools.",Freemium,https://gamma.app/,https://gamma.app/
Gemini,Conversational AI by Google.,Freemium,https://gemini.google.com/,https://gemini.google.com/
GetGenie,"Write SEO Content Adored by
Google to Boost Organic Traffic
Rule the content kingdom with NLP keywords and SERP analysis data. Supercharge SEO with Ai and skyrocket traffic!
",Freemium,https://getgenie.ai/,https://getgenie.ai/
GoHighLevel,"High-level helps you manage your sales pipeline more efficiently with its cutting-edge AI technology. The platform offers a unified view of all your sales activities, enabling you to make informed decisions in real-time. ",Freemium,https://www.gohighlevel.com/,https://www.gohighlevel.com/
Gorgias,"AI-powered customer support solution designed for e-commerce businesses, enabling them to provide efficient and personalized support, resolve issues quickly, and enhance customer satisfaction.",Paid,https://www.gorgias.com/,https://www.gorgias.com/
GPTExcel,From generating complex formulas to creating charts and uncovering deep insights—streamline your spreadsheets with AI.,Free,https://gptexcel.uk/,https://gptexcel.uk/
GPTZero,Fast and revolutionary detection of plagiarism in your texts with the help of AI ,Free,https://gptzero.me/,https://gptzero.me/
Grammarly,"AI tool that helps with grammar, spelling, and clarity in writing, ideal for emails, documents, and blogs.",Freemium,https://www.grammarly.com/,https://www.grammarly.com/
Great Headlines,Write headlines like Don Draper in just a few seconds,Freemium,https://www.greatheadlines.ai/,https://www.greatheadlines.ai/
Grok 2.0,An AI assistant created by xAI (Elon Musk). It answers your questions based on real-time data from X users,Freemium,https://x.ai/grok,https://x.ai/grok
Growthbar,"Write perfect SEO-friendly content for blog posts, website pages, and articles with AI. Make content that google loves in no time.",Freemium,https://www.growthbarseo.com/,https://www.growthbarseo.com/
GuideGeek,"Get personalized local recommendations directly in WhatsApp, Messenger or Instagram",Free,https://guidegeek.com/,https://guidegeek.com/
Gunbot,Gunbot is an AI crypto trading bot that lets you automate your trading and earn on autopilot. Supports 100+ well known crypto exchanges.,Paid,https://gunbot.shop/,https://gunbot.shop/
GymGenie,AI-driven personal trainer that generates customized workout routines for users.,Paid,https://www.gymgenie.app/,https://www.gymgenie.app/
Haasonline,Implement time-tested trading methods in a matter of minutes. Venture through the rabbit hole. Utilize our comprehensive suite of automated trading tools to benefit from cryptocurrency trading.,Paid,https://haasonline.com/,https://haasonline.com/
Healthy Chef,Recipe creator with visual and nutritional insights,Freemium,https://chatgpt.com/g/g-OdwKeQjDm-healthy-chef,https://chatgpt.com/g/g-OdwKeQjDm-healthy-chef
Hedra AI,"Hedra can generate characters in different aspect ratios, styles, and formats, matching your workflow or content type. You can then give it a voice and make him do certain things as you wish",Freemium,https://www.hedra.com/,https://www.hedra.com/
Highperformr,"Highperformr AI's modern social media management platform amplifies online presence, fuels lead generation, and accelerates pipeline growth for B2B businesses.",Paid,https://www.highperformr.ai/,https://www.highperformr.ai/
HireEZ (formerly Hiretual),AI-based talent sourcing and recruiting platform for finding the best candidates.,Freemium,https://hireez.com/,https://hireez.com/
HireVue,AI-powered video interviewing and candidate assessment platform.,Freemium,https://www.hirevue.com/,https://www.hirevue.com/
hiver,AI-powered email management system for teams to collaborate and manage customer support emails more efficiently.,Paid,https://www.hiverhq.com/,https://www.hiverhq.com/
HIX.AI,HIX.AI is an advanced AI-driven paraphrasing tool designed to enhance text quality and uniqueness.,Freemium,https://hix.ai/,https://hix.ai/
Hootsuite,"AI tool for scheduling TikTok posts, tracking engagement, and analyzing video performance.",Freemium,https://www.hootsuite.com/,https://www.hootsuite.com/
Hopper,AI-powered app that predicts the best time to book flights and hotels at the lowest prices.,Freemium,https://www.hopper.com/,https://www.hopper.com/
Hostinger AI,"Hostinger AI Website Builder combines AI with intuitive website-building capabilities. Simply describe the type of website you want, and our innovative tool will create a fully-fledged site in minutes.",Paid,https://www.hostinger.in/ai-website-builder,https://www.hostinger.in/ai-website-builder
Hudl,AI-powered video analysis tool for coaches and players to break down game footage and improve performance.,Paid,https://www.hudl.com/,https://www.hudl.com/
Huggingface,"An open-source platform for AI development, providing machine learning models and datasets, with a focus on NLP (Natural Language Processing).",Freemium,https://huggingface.co/,https://huggingface.co/
Humata,Upload a PDF and get answers from it. Create Reports 100X Faster. Understand Technical Documents 100X Faster. Analyze Legal Documents 100X Faster.,Paid,https://www.humata.ai/,https://www.humata.ai/
Hypotenuse AI,Your all in one platform from generating Product Description to monitoring the performance,Freemium,https://www.hypotenuse.ai/,https://www.hypotenuse.ai/
IBM QRadar,"AI-enhanced SIEM platform for threat detection, monitoring, and incident response.",Paid,http://ibm.com/,http://ibm.com/
Iconosquare,AI-powered social media analytics tool for Instagram and Facebook with reporting and tracking features.,Paid,https://www.iconosquare.com/,https://www.iconosquare.com/
Icons8 AI,"full suite of powerful AI tools: human, face and illustration generators, background suppression, intelligent upscaling and many more features to try on.",Freemium,https://icons8.com/,https://icons8.com/
IdeaBuddy,"IdeaBuddy takes you through every step of your entrepreneurial journey, from the initial spark to execution of your business idea",Freemium,https://ideabuddy.com/,https://ideabuddy.com/
Ideogram,This AI allows you to create stunning image with letters. ,Freemium,https://www.ideogram.ai/,https://www.ideogram.ai/
Indy,"CRM tool designed for freelancers, providing a single platform to manage business activities like proposals, contracts, invoicing, and payments, enhancing efficiency and organization.",Freemium,https://weareindy.com/,https://weareindy.com/
INK Editor,AI writing assistant designed for SEO content creation with optimization tools for better rankings.,Freemium,https://www.inkforall.com/,https://www.inkforall.com/
Intercom Chatbot,Intercom AI Chatbot specializes in creating personalized customer interactions using AI-driven chatbots and messaging services.,Paid,https://www.intercom.com/drlp/ai-chatbot,https://www.intercom.com/drlp/ai-chatbot
Jacquard,"AI tool that generates optimized email subject lines, push notifications, and ad copy.",Paid,https://www.jacquard.com/,https://www.jacquard.com/
Janitor AI,"AI assistant for cleaning up data, automating tasks, and organizing workflows to enhance productivity and efficiency.",Freemium,janitorai.com,janitorai.com
Jaq n Jil,"Unleash the AI magic for lightning-fast, professional content generation. A smart writing assistant that can craft highly engaging copy in seconds",Freemium,https://jaqnjil.ai/,https://jaqnjil.ai/
Joyland.ai,"Chat with AI characters from anime, cartoon, friend or create your own.",Freemium,https://www.joyland.ai/category/Anime,https://www.joyland.ai/category/Anime
JukeBox,OpenAI’s AI music model that generates music with lyrics in various genres based on text input.,Free,https://openai.com/research/jukebox,https://openai.com/research/jukebox
Julius AI," Analyze any structured data effortlessly, ask questions for instant answers, and create sleek visualizations.",Paid,https://julius.ai/,https://julius.ai/
KaneAI,"A native testing agent that helps teams plan, author, automate and evolve tests using natural language.",Free,https://www.lambdatest.com/kane-ai,https://www.lambdatest.com/kane-ai
Kapwing," allows users to create videos from text using AI technology. It enables the transformation of documents, essays, scripts, and blog posts into short, engaging video summaries.",Freemium,https://www.kapwing.com/,https://www.kapwing.com/
KAYAK,"AI-powered travel booking platform for flights, hotels, and car rentals with personalized trip recommendations.",Free,https://www.kayak.com/,https://www.kayak.com/
Keychain,AI-powered platform that helps brands and retailers find and manage manufacturing partners.,Freemium,https://www.keychain.com/,https://www.keychain.com/
Kinetix,"Pushthe boundaries of 3D animation with AI, delivering innovative and powerful technologies for the gaming industry and beyond.",Freemium,https://www.kinetix.tech/,https://www.kinetix.tech/
Klaviyo,"AI-driven email marketing tool that automates email flows, personalizes campaigns, and optimizes sales.",Paid,https://www.klaviyo.com/,https://www.klaviyo.com/
Klevu,"AI-powered search engine for eCommerce websites, improving product discovery with better search results.",Paid,https://www.klevu.com/,https://www.klevu.com/
Kustomer,AI-driven customer service platform that integrates support tickets and CRM functionalities.,Paid,https://www.kustomer.com/,https://www.kustomer.com/
Lately,AI-driven content creation tool that automatically generates social media posts from long-form content.,Paid,https://www.lately.ai/,https://www.lately.ai/
Later,AI-driven Instagram scheduling tool that also analyzes post performance and provides post-time optimization.,Freemium,https://www.later.com/,https://www.later.com/
Le Chat by Mistral AI,The official Mistral AI conversational assistant. Chat with an open-source ChatBot that rivals the best OpenAI models,Free,https://mistral.ai/en,https://mistral.ai/en
Leverage,"AI platform to streamline recruiting, onboarding, and employee engagement processes.",Paid,https://tryleverage.ai/,https://tryleverage.ai/
Lex Machina,"Lex Machina provides legal analytics tools that leverage AI to predict the behavior of courts, judges, lawyers, and parties, offering valuable insights to improve litigation strategies and case outcomes.",Paid,https://lexmachina.com/,https://lexmachina.com/
Lightning AI,"AI web development platform that simplifies and accelerates the development, deployment, and scaling of deep learning models with PyTorch. ",Freemium,https://lightning.ai/,https://lightning.ai/
Lightricks LTXV,Real-time rendering that delivers breakthrough results with unprecedented motion consistency,Freemium,https://www.lightricks.com/,https://www.lightricks.com/
Liner AI,"An AI copilot for your workspace, powered by ChatGPT. Quickly find information and reference sources to improve your research efficiency ",Freemium,https://getliner.com/,https://getliner.com/
LongShot,"Our SEO checker not only provides your SEO score but also offers actionable suggestions to improve it with just one click.
Optimize you content effortlessly and watch your rankings soar, ensuring your content reaches the right audience.",Freemium,https://www.longshot.ai/,https://www.longshot.ai/
Lovo AI,Lovo AI uses artificial intelligence to generate natural-sounding voice overs for videos and audio projects.,Freemium,https://lovo.ai/,https://lovo.ai/
Loyae,"Seamlessly optimize your web page for searchability, usability, and accessibility with batch AI-generated HTML metadata & alt text for every page.",Freemium,https://www.loyae.com/,https://www.loyae.com/
Lumen5,Converts text into engaging video content automatically.,Freemium,https://www.lumen5.com/,https://www.lumen5.com/
Lyric Studio,AI-powered songwriting tool that helps create lyrics based on the user’s genre or topic.,Freemium,https://lyricstudio.net/,https://lyricstudio.net/
Magenta Studio,Google’s open-source AI tool that generates music by training machine learning models on existing datasets.,Free,http://magenta.tensorflow.org/,http://magenta.tensorflow.org/
Magic Studio,"Create winning product pages, ads, social media posts and more, within minutes.",Freemium,https://magicstudio.com/,https://magicstudio.com/
Mailjet,"AI-driven email marketing platform with advanced automation, A/B testing, and analytics features for campaigns.",Freemium,https://www.mailjet.com/,https://www.mailjet.com/
Mailytica,"AI assistant that helps manage emails, schedules, and reminders to keep your inbox clean and organized.",Freemium,https://mailytica.com/en/,https://mailytica.com/en/
Mangools,"Mangools is an amazing SEO tool for finding the best keywords, SERP for any location, ranking, backlinks and competition spying.",Freemium,https://mangools.com/,https://mangools.com/
Market Muse,MarketMuse utilizes artificial intelligence and machine learning to help marketers and content creators optimize their content for better search engine rankings and visibility.,Freemium,https://www.marketmuse.com/,https://www.marketmuse.com/
Marketing Blocks,"‘Human-like’ All-In-One AI Marketing Assistant. All your Landing Pages, Promo Videos, Ads, Marketing Copy, Graphics, Email Swipes, Voiceovers, Blog Post, Articles, Art & more - Done In 60 Secs By AI.",Freemium,https://marketingblocks.ai/,https://marketingblocks.ai/
Mathsolver.top,AI math problem solver that provides step-by-step solutions and personalized tutoring. 25% higher accuracy than ChatGPT,Free,https://www.mathsolver.top/,https://www.mathsolver.top/
Medical Chat,"Get instant human/veterinary medical answers for treatment, patient education and drugs",Paid,https://medical.chat-data.com/,https://medical.chat-data.com/
Mokker AI,Helps you create mockup of your product in matter of seconds using AI.,Freemium,https://app.mokker.ai/,https://app.mokker.ai/
Morningscore,"It provides you with a quick insight into all the key metrics, presented in an extremely intuitive way. From the dashboard, you can access the tool's essential features and monitor the most significant changes.",Freemium,https://morningscore.io/,https://morningscore.io/
Naker,aunch professional ads in seconds harnessing the power of AI to understand any business just by entering the website URL.,Freemium,https://www.naker.io/,https://www.naker.io/
Nando AI,"Create High-Converting Copy For Your Online Business In Seconds. Explore Over 60 Powerful Tools to Craft Compelling Product Descriptions, Video Scripts, Ad Concepts, Copy, Blog Posts, Social Media Content, and Much More.",Freemium,https://nando.ai/,https://nando.ai/
Napkin AI,"Allows you o create stunning visuals for your website from text	",Free,https://napkin.ai/,https://napkin.ai/
Native AI,"The always-on market intelligence platform that helps you understand, innovate, and create ideal experiences for your customers.",Freemium,https://gonative.ai/?ref=Welcome.AI,https://gonative.ai/?ref=Welcome.AI
Natural Reader,Free TTS tool with natural-sounding voices.,Freemium,https://www.naturalreaders.com/,https://www.naturalreaders.com/
Neural.love,Create AI-generated artwork and illustrations with ease.,Freemium,https://neural.love/,https://neural.love/
NightCafe,Generates high-quality artworks from text inputs using different algorithms like VQGAN+CLIP.,Freemium,http://nightcafe.studio/,http://nightcafe.studio/
Noom,AI-powered weight loss and fitness app that personalizes fitness plans and coaching.,Paid,https://www.noom.com/,https://www.noom.com/
North by Cohere,"From intelligent search to personalized agents, North empowers teams to focus on meaningful work — all within a secure, scalable AI environment.",Free,https://cohere.com/north,https://cohere.com/north
Nosto,"AI-driven personalization platform that offers tailored product recommendations, personalized email marketing, and optimized onsite experiences to enhance customer engagement and sales.",Paid,https://www.nosto.com/,https://www.nosto.com/
Numerous AI,"Numerous.ai provides the simplest, most powerful and cost-effective solution for using ChatGPT inside Google Sheets and Excel.",Freemium,https://numerous.ai/,https://numerous.ai/
OpenDevin, An ultra-sophisticated autonomous agent for code and software design. ,Free,https://github.com/All-Hands-AI/OpenHands,https://github.com/All-Hands-AI/OpenHands
Originality AI,"An AI and plagiarism detector that's pretty reliable. It can scan your documents, files or directly from a URL",Paid,https://originality.ai/?lmref=rqJ9JQ,https://originality.ai/?lmref=rqJ9JQ
Otter.ai,"AI tool that transcribes meetings, lectures, and discussions in real-time.",Freemium,https://otter.ai/,https://otter.ai/
Outplayhq, all-in-one multichannel sales engagement platform that helps sales teams close more deals and significantly increase revenue.,Paid,https://outplayhq.com/,https://outplayhq.com/
Owlift,This AI explains you everything and anything as if you were a 5 year old child,Freemium,https://www.owlift.com/,https://www.owlift.com/
Paper Guide AI,"Summarize and Chat with any PDF or Youtube Video Simplify research - Chat with PDFs, summarize PDFs and summarize Youtube videos.",Freemium,https://paperguide.ai/,https://paperguide.ai/
Paradox,"Paradox is a conversational recruiting platform that automatically does 99% of the hiring process like screening, interview scheduling, onboarding paperwork, and sending offers.",Paid,https://www.paradox.ai/,https://www.paradox.ai/
Peloton,AI-driven fitness platform with live and on-demand workout classes.,Paid,https://www.onepeloton.com/,https://www.onepeloton.com/
Personyze,AI-powered personalization platform that provides targeted product recommendations and content.,Paid,https://www.personyze.com/,https://www.personyze.com/
Pi AI, A conversational ChatBot created by Inflection AI that delivers astonishing performance similar to the best AI assistants,Free,https://pi.ai/onboarding,https://pi.ai/onboarding
Pic Copilot,Allows you to create high quality mockup (both image & video) of your product in seconds.,Freemium,https://www.piccopilot.com/,https://www.piccopilot.com/
Piktochart,Create AI-assisted infographics and reports with drag-and-drop simplicity.,Freemium,https://piktochart.com/,https://piktochart.com/
PimEyes,Give one of your photos to AI and find out where you appear on the internet,Freemium,https://pimeyes.com/en,https://pimeyes.com/en
Pineapple,"AI Website Builder that Generates and Edit Websites just from your text prompts.
",Paid,https://www.pineapplebuilder.com/,https://www.pineapplebuilder.com/
Pinokio Computer,"Pinokio is a browser that lets you install, run, and manage ANY server application, locally. Install , Run, Control bots/terminal apps in 1 control.",Freemium,https://pinokio.computer/,https://pinokio.computer/
Pixite AI,"Pixite transforms your creative ideas into stylish, wearable designs with cutting-edge AI. Discover fashion that's uniquely yours",Freemium,https://pixite.ai/,https://pixite.ai/
Planoly,"AI-powered platform for planning and scheduling Instagram content, with analytics and engagement tracking.",Freemium,https://www.planoly.com/,https://www.planoly.com/
Playphrase.me,write a sentence and the AI finds all available movie lines,Free,https://www.playphrase.me/#/search?language=en,https://www.playphrase.me/#/search?language=en
Prisync,"AI-powered pricing optimization tool that includes competitor monitoring and dynamic pricing, helping e-commerce businesses stay competitive and maximize their profit margins.",Paid,https://prisync.com/,https://prisync.com/
Prompt Perfect,This plugin assists you in crafting well-structured and effective prompts that yield the best results.,Freemium,https://chromewebstore.google.com/detail/prompt-perfect-ai-prompt/kigfbkddbfgbdbdekajodpggpkpfdjfp,https://chromewebstore.google.com/detail/prompt-perfect-ai-prompt/kigfbkddbfgbdbdekajodpggpkpfdjfp
Pymetrics,Uses neuroscience-based games and AI to match candidates with roles based on skills.,Freemium,https://www.pymetrics.com/,https://www.pymetrics.com/
Pyramid Flow,Pyramidal Flow Matching for Efficient Video Generative Modeling,Freemium,https://pyramid-flow.github.io/,https://pyramid-flow.github.io/
Quik by GoPro,"Quickly transforms your text and footage into exciting videos, ideal for social media sharing.",Free,https://www.gopro.com/,https://www.gopro.com/
QuizLet,"Learn more easily with educational games, flashcards and practice quizzes",Freemium,https://quizlet.com/,https://quizlet.com/
Qwen2.5-Max,A multimodal language model that outperforms GPT-4 and DeepSeek on major benchmarks. ,Free,https://chat.qwenlm.ai/,https://chat.qwenlm.ai/
Rank Math Pro,The first SEO plugin in WordPress to utilize Ai in creating content and keyword suggestions and help with metadata.,Paid,https://rankmath.com/,https://rankmath.com/
RankRanger,"Drive organic growth with the help of this All-in-One SEO tool. Professional SEO Software's unique insights, competitor analysis, and unmatched progress monitoring.",Freemium,http://www.rankranger.com/,http://www.rankranger.com/
Rapid7,AI-powered security platform that provides vulnerability management and threat detection.,Paid,https://www.rapid7.com/,https://www.rapid7.com/
Rasa,Open-source conversational AI tool for building chatbots and virtual assistants.,Freemium,https://www.rasa.com/,https://www.rasa.com/
Rationale,Simply enter your pending decision and their AI powered app will list pros and cons or generate a SWOT analysis to help you weigh your options,Paid,https://rationale.jina.ai/,https://rationale.jina.ai/
Recraft.ai,This AI allows you to generate hyper realistic image from text,Freemium,https://www.recraft.ai/,https://www.recraft.ai/
Refrens," Simplify operations on one platform - profile management, lead tracking, invoicing, accounting, payments, and more. Elevate your online presence with a custom domain and showcase your work.",Paid,https://www.refrens.com/,https://www.refrens.com/
Regie,Regie.ai uses genAI and machine learning to make prospecting easier for businesses and better for buyers.,Paid,https://www.regie.ai/,https://www.regie.ai/
RescueTime,"AI tool that helps track how you spend your time on devices, providing insights to improve productivity.",Freemium,https://www.rescuetime.com/,https://www.rescuetime.com/
Rocketium,Automated video creation platform that turns text into video content with an easy-to-use editor.,Freemium,https://www.rocketium.com/,https://www.rocketium.com/
Rytr,"Rytr specializes in generating short-form content such as emails, social media posts, and product descriptions.",Freemium,https://rytr.me/,https://rytr.me/
SaneBox,AI-driven email management tool that automatically filters and organizes your inbox for better productivity.,Paid,https://www.sanebox.com/,https://www.sanebox.com/
Scalenut,AI-driven content creation platform with SEO tools for producing long-form articles and optimized blogs.,Freemium,https://www.scalenut.com/,https://www.scalenut.com/
SearchIQ,"An AI-powered search and discovery platform tailored for e-commerce stores, providing advanced search capabilities that enhance the user experience and drive sales by delivering relevant search results.",Paid,https://searchiq.com/,https://searchiq.com/
Second Spectrum,AI tool that offers advanced player tracking and analytics for professional sports teams and broadcasters.,Paid,https://www.secondspectrum.com/,https://www.secondspectrum.com/
Semrush,"Utilize a single tool to perform SEO, content marketing, competition analysis, PPC, and social media marketing.",Freemium,https://www.semrush.com/,https://www.semrush.com/
Sender,AI-powered email marketing assistant for building and automating email campaigns with advanced segmentation.,Freemium,https://www.sender.net/,https://www.sender.net/
SentiLink,AI platform for detecting synthetic identity fraud in the financial sector.,Paid,https://www.sentilink.com/,https://www.sentilink.com/
SentinelOne,AI-driven autonomous endpoint protection platform that detects and stops cyberattacks.,Paid,https://www.sentinelone.com/,https://www.sentinelone.com/
Seo AI,Seo.AI generates long SEO-rich articles and produces optimized content via proprietary algorithms and Google SERP analysis.,Paid,https://seo.ai/,https://seo.ai/
Shop.app,"A practical application to simplify your online shopping. Enjoy one-click payment, real-time tracking and instant rewards",Free,https://shop.app/,https://shop.app/
Shopify AI,AI-powered tools for creating personalized shopping experiences and automating tasks for Shopify store owners.,Paid,https://www.shopify.com/,https://www.shopify.com/
Signm,Easily monitor millions of opinions about the stock market. Thousands of financial news articles analyzed daily from 50+ premium news sources,Paid,https://signm.io/,https://signm.io/
Similar Songs Finder,Similar Songs Finder makes it easy generate a playlist based on a song you like. Just enter the song and enjoy.,Free,https://www.similarsongsfinder.com/,https://www.similarsongsfinder.com/
Simple Phones,Never miss a call from a customer again. Use AI to answer your missed calls if you forward them to a different number or obtain a new one.,Paid,https://www.simplephones.ai/,https://www.simplephones.ai/
SinCode,"SinCode humanize your AI written content so you don’t get negative ratings from Google. SinCode will help you boost your SEO and all types of written content. Create SEO optimized plagiarism-free content for your blog, articles, website, email and all types of written content 10x faster.",Freemium,https://agent.ai/sincode,https://agent.ai/sincode
SiteGround,Get ultrafast web hosting with siteground. Buy domain for fair prices and never worry about hosting issues,Paid,https://world.siteground.com/,https://world.siteground.com/
Sitekick,"Sitekick simplifies the process, empowering you to craft visually stunning landing pages and websites that convert - no coding, design, or copywriting skills required",Paid,https://www.sitekick.ai/,https://www.sitekick.ai/
Skyscanner,"AI-driven search engine for flights, hotels, and car rentals with price prediction tools.",Freemium,https://www.skyscanner.com/,https://www.skyscanner.com/
SlidesGo,Your 3 step presentation maker with help of AI,Freemium,https://slidesgo.com/,https://slidesgo.com/
Smartwriter,Generate 1000s of personalized emails and messages in seconds and get 8x more replies ,Paid,https://www.smartwriter.ai/,https://www.smartwriter.ai/
Snov.io,"Snov.io is the ultimate all-in-one outreach and lead generation tool, helping you streamline your sales and marketing efforts.",Freemium,https://snov.io/,https://snov.io/
SocialBee,AI tool for automating social media content posting and content repurposing across platforms.,Paid,https://www.socialbee.io/,https://www.socialbee.io/
SocialBee,"AI-powered tool for automating Instagram posts, scheduling content, and tracking Instagram performance.",Paid,https://www.socialbee.io/,https://www.socialbee.io/
Socialcoffee, It provides data-driven insights and recommendations to improve content strategy and audience engagement. ,Freemium,https://socialcoffee.ai/,https://socialcoffee.ai/
SocialPilot,Social media scheduling and automation tool powered by AI to analyze performance and content curation.,Freemium,https://www.socialpilot.co/,https://www.socialpilot.co/
Socratic,"Socratic uses AI to provide answers in research, homework structure, and development as well as offer step-by-step explanations and answers to help in creating content in graphics and charts.",Freemium,https://socratic.org/,https://socratic.org/
Sofabrain,"Design and redesign any room and area using AI; for real estate, home makeovers, interior design and furniture staging.",Freemium,https://sofabrain.com/,https://sofabrain.com/
Soundraw,"AI-powered music creation tool for composers and content creators, producing customizable music.",Paid,https://soundraw.io/,https://soundraw.io/
Sous Chef,I’ll give you recipes based on the foods you love and ingredients you have.,Freemium,https://chatgpt.com/g/g-3VrgJ1GpH-sous-chef,https://chatgpt.com/g/g-3VrgJ1GpH-sous-chef
Spellbook,"Draft and review contracts 10x faster, just like magic",Paid,https://www.spellbook.legal/,https://www.spellbook.legal/
Spext,Free transcription tool that converts podcasts and audio into text quickly and accurately.,Free,https://www.spext.co/,https://www.spext.co/
Spikes,Generative AI video tool that repurposes long videos exactly to your needs. From Long Videos To Viral Clips In 1 click.,Freemium,https://www.spikes.studio/,https://www.spikes.studio/
Spinach,"It automates daily standups, sprint retrospectives, and backlog grooming sessions.",Paid,https://www.spinach.ai/,https://www.spinach.ai/
Splunk,"AI-enhanced platform for security information and event management, log analysis, and monitoring.",Paid,https://www.splunk.com/,https://www.splunk.com/
Sprout Social,"AI-based social media management platform for scheduling, analytics, and monitoring conversations.",Paid,https://www.sproutsocial.com/,https://www.sproutsocial.com/
SpyGPT,An analysis tool that helps you see how your brand is perceived and mentioned.,Free,https://www.spyfu.com/spygpt/,https://www.spyfu.com/spygpt/
Squarespace,"While not fully AI, Squarespace offers AI-driven tools for building and managing websites efficiently.",Freemium,https://www.squarespace.com/,https://www.squarespace.com/
Stable Diffusion,"An AI-based image generation model that creates high-quality images from text descriptions, popular for artistic and creative tasks.",Freemium,stablediffusionweb.com,stablediffusionweb.com
StarryAI,"Turns text into AI art with a variety of styles, aimed at artistic creations.",Freemium,https://www.starryai.com/,https://www.starryai.com/
Stats Perform,AI-powered sports analytics platform providing real-time performance data and advanced insights for teams.,Paid,https://www.statsperform.com/,https://www.statsperform.com/
StealthGPT, GPT3 prompt that makes its content undetectable by AI detectors. Ideal for students,Freemium,https://www.stealthgpt.ai/,https://www.stealthgpt.ai/
Steve AI,"Steve AI isn't just Text to Video, it's Text to (Any Type Of) Video.",Freemium,https://www.steve.ai/,https://www.steve.ai/
StoryChief,All in One Content Management platform that also provide you with analytics and more for your social media and marketing.,Freemium,https://www.storychief.io/,https://www.storychief.io/
Streetbeat,Streetbeat is an innovative investment platform that simplifies and automates investing activities. It is difficult to navigate the complexity of financial markets and consistently process vast data to derive actionable insights on a daily basis. We are the solution.,Freemium,https://streetbeat.com/,https://streetbeat.com/
Submagic, Automatically created subtitles with the ideal emojis and intelligently highlighted phrases. Good looking highlighted text for social media videos,Freemium,https://www.submagic.co/,https://www.submagic.co/
Superhuman,AI-powered email client for fast and efficient email management with smart features like read tracking.,Paid,https://www.superhuman.com/,https://www.superhuman.com/
Superluminal,"Offer frictionless, conversational data interactions to delight your customers. Superluminal seamlessly integrates AI for Python code generation, graph creation, filtering, and more, enhancing your data dashboard's capabilities.",Paid,https://superluminal.dev/,https://superluminal.dev/
SuperMeme,Create from you text prompts.,Freemium,https://supermeme.ai/,https://supermeme.ai/
Surfer SEO,"AI-powered SEO platform for keyword research, content optimization, and backlink analysis.",Paid,https://surferseo.com/,https://surferseo.com/
Swapface,"AI to make realistic face swaps in real time. Ideal for streaming, video calls",Freemium,https://swapface.org/,https://swapface.org/
Tabnine,AI-powered code completion assistant that helps developers write code faster and more accurately,Freemium,https://www.tabnine.com/,https://www.tabnine.com/
Tackker,AI-powered analytics tool to help optimize YouTube channel growth by providing insights on engagement and performance.,Freemium,https://www.tackker.com/,https://www.tackker.com/
Taskade,"Taskade is an AI-powered productivity tool that enhances collaboration and efficiency. It allows users to build and deploy custom AI agents to automate tasks, manage projects, and create dynamic workflows.",Freemium,https://www.taskade.com/,https://www.taskade.com/
Teal,AI powered resume builder to help you grow your career. You can also find job and track applications.,Freemium,https://www.tealhq.com/,https://www.tealhq.com/
Tempus,"AI-powered platform for precision medicine, using data to improve cancer care.",Paid,https://www.tempus.com/,https://www.tempus.com/
Textio,"Textio is a talent acquisition AI tool that gives high-quality feedback and provides bias-free, actionable, and equitable performance reviews.",Paid,https://textio.com/,https://textio.com/
Texts from my ex,"Our GPT-powered algorithm will analyze your text conversations with your lover or ex, providing you with some extra sassy relationship insights and a compatibility score to share with friends.",Freemium,https://textsfrommyex.com/,https://textsfrommyex.com/
The Grid,AI-powered website builder that autonomously designs and customizes websites.,Paid,https://www.thegrid.io/,https://www.thegrid.io/
Thoughtly,"Deploy your fully-integrated AI call center starting at just 9 cents per minute. Build workflows around your CRM, and let your agents handle the rest.",Paid,https://www.thoughtly.com/,https://www.thoughtly.com/
Thunkable,AI-based app builder that allows users to create both Android and iOS apps with no coding experience.,Paid,https://www.thunkable.com/,https://www.thunkable.com/
TickerOn,"1 Billion+ Comparisons of Stock Trading Strategies. AI trading bot tools like AI robot; signals, virtual accounts, AI trend predictions, and a lot more.",Freemium,https://tickeron.com/,https://tickeron.com/
Tidio,AI chatbot and live chat tool that automates customer interactions and supports multi-channel communication.,Freemium,https://www.tidio.com/,https://www.tidio.com/
Tiledesk,"Build autonomous AI Agents to automate customer support and internal processes, enhancing engagement, efficiency and driving growth. No code, fully scalable",Paid,https://tiledesk.com/,https://tiledesk.com/
Tinq.ai,"Integrate text analysis that is quick and strong into your apps. From topic categorization to sentiment analysis and entity extraction, we've got you covered.",Freemium,https://www.tinq.ai/,https://www.tinq.ai/
TinyEinstein,"Your AI-powered email marketing manager for creating, sending & managing emails in minutes. TinyEinstein's AI marketing manager can help you develop your Shopify business 10x more quickly. One of the best AI email marketing platforms for ecommerce.",Freemium,https://www.tinyalbert.ai/,https://www.tinyalbert.ai/
TinyWow,"AI tools that will solve all your problems (PDF, images, video, writings and more)",Free,https://tinywow.com/,https://tinywow.com/
Tome,AI-powered platform that helps in creating presentations and documents easily.,Freemium,https://www.tome.app/,https://www.tome.app/
Tome,AI assistant to boost your productivity and sales.,Freemium,https://www.beautiful.ai/,https://www.beautiful.ai/
Tradesanta,"All-inclusive automated cryptocurrency trading bot. Without becoming a pro, trade cryptocurrency like one. Utilize our robust algorithmic trading tactics. Faster trading. maximize outcomes.",Paid,https://tradesanta.com/,https://tradesanta.com/
Trellis 3D,Generates variants of a given 3D asset coherent with given text prompts.,Free,https://trellis3d.github.io/,https://trellis3d.github.io/
TrendSpider,"TrendSpider is the ultimate all-in-one trading platform designed by traders, for traders.",Freemium,https://trendspider.com/,https://trendspider.com/
Trint,"AI transcription tool for podcasts that allows editing, collaboration, and exporting transcribed content.",Paid,https://www.trint.com/,https://www.trint.com/
Turbodoc,Extract information from invoices. Transform unstructured invoices into easy-to-read data. Works automatically in your Gmail.,Paid,https://turbodoc.io/,https://turbodoc.io/
Typli.ai,Let Typli's AI writing tools craft your content in seconds.,Freemium,https://typli.ai/,https://typli.ai/
Ud‎io,Create any song from text,Freemium,https://www.udio.com/,https://www.udio.com/
Unfold,"AI-based Instagram story creation tool offering templates, text effects, and design elements to create stories.",Freemium,https://www.unfold.com/,https://www.unfold.com/
Veed.io,"Online video editor with AI features like subtitles, trimming, and effects.",Freemium,https://www.veed.io/,https://www.veed.io/
Verily,Alphabet's life sciences company that uses AI for health data analysis and diagnostics.,Paid,https://www.verily.com/,https://www.verily.com/
Vi Trainer,AI-powered personal trainer that provides real-time feedback during workouts.,Paid,https://www.vitrainer.com/,https://www.vitrainer.com/
VidIQ,"AI-driven YouTube tool for video SEO, keyword research, and analytics to help grow your channel.",Freemium,https://www.vidiq.com/,https://www.vidiq.com/
Vidu AI,Use the best video generation model to unlock unlimited possibilities to inspire your creativity,Freemium,https://www.vidu.com/,https://www.vidu.com/
ViewCrafter,Generate realistic 3D views from limited 2D images to create immersive experiences and high-quality 3D content,Free,https://drexubery.github.io/ViewCrafter/,https://drexubery.github.io/ViewCrafter/
ViralKit," Leveraging AI, it helps businesses and individuals boost their online presence, create viral content, and drive impactful results across various social media platforms.",Freemium,https://viralkit.com/,https://viralkit.com/
ViSenze," An AI search and discovery platform that includes visual search and recommendation engines, helping customers find products quickly and easily based on images and visual cues.",Paid,https://www.visenze.com/ai-recommendations/,https://www.visenze.com/ai-recommendations/
Vista Create,"AI-powered design tool that helps create stunning Instagram posts, videos, and stories with easy templates.",Freemium,https://create.vista.com/,https://create.vista.com/
Vocal Remover,"An AI-based tool designed to remove vocals from audio tracks, leaving behind only the instrumental portion for karaoke or remixing.",Freemium,vocalremover.org,vocalremover.org
Vue.ai,"AI-driven platform offering product recommendations, visual search, and inventory management solutions for retailers.",Paid,https://www.vue.ai/,https://www.vue.ai/
Wanderboat,Plan the perfect trip with an AI companion that excels at finding travel and outing ideas. ,Free,https://wanderboat.ai/home,https://wanderboat.ai/home
Wati,A platform that transforms WhatsApp into a multi-channel customer relations center,Paid,https://www.wati.io/,https://www.wati.io/
Wave,Free accounting software for small businesses with AI-powered invoicing and accounting tools.,Paid,https://www.waveapps.com/,https://www.waveapps.com/
Wave.video,AI-driven platform for turning written content into social media-ready videos with customizable templates.,Freemium,https://www.wave.video/,https://www.wave.video/
Well Me Right,"Meet with vetted experts in diet, nutrition, supplements, beauty, fitness, mindfulness",Freemium,https://www.wellmeright.com/,https://www.wellmeright.com/
Well Sky,AI-driven tool to address social determinants of health and improve patient outcomes.,Paid,https://www.healthify.us/,https://www.healthify.us/
Wellframe,AI-powered platform for patient engagement and care coordination.,Paid,https://www.wellframe.com/,https://www.wellframe.com/
Wix,"An intuitive website builder that uses AI to simplify website creation, offering templates, customization tools, and automatic design features to create professional sites.",Freemium,https://www.wix.com/,https://www.wix.com/
WordAI,"Use artificial intelligence to cut turnaround time, extend your budget, and create more high-quality content that Google and readers will love.",Freemium,https://wordai.com/,https://wordai.com/
Workable,"AI-powered recruiting platform with tools for sourcing, screening, and hiring candidates.",Paid,https://www.workable.com/,https://www.workable.com/
WowTo,Generate how-to videos in few minutes.,Freemium,https://wowto.ai/,https://wowto.ai/
Yext,Yext specializes in AI-powered brand information management across digital platforms.,Paid,https://www.yext.com/index.html,https://www.yext.com/index.html
Yodayo,Generate unique anime illustrations and chat with AI characters.,Freemium,https://yodayo.com/,https://yodayo.com/
You.com,"A search engine powered by AI, offering personalized search results, task automation, and integrated apps for enhanced productivity.",Freemium,you.com,you.com
Zebra Medical Vision,AI-driven platform that analyzes medical imaging to detect potential injuries and prevent them in athletes.,Freemium,https://www.zebra-med.com/,https://www.zebra-med.com/
Chat Stream,Allows you to chat with Deepseek R1 as well as Deepseek v3 for free and doesn't require sign up.,Free,https://www.chatstream.org/en/chat/deepseek-r1,https://www.chatstream.org/en/chat/deepseek-r1
